{"cameraMode":{"drawMode":0,"name":"Shaded","section":"Shading Mode"},"sceneLighting":true,"audioPlay":false,"sceneViewState":{"m_AlwaysRefresh":false,"showFog":true,"showSkybox":true,"showFlares":true,"showImageEffects":true,"showParticleSystems":true,"showVisualEffectGraphs":true,"m_FxEnabled":true},"in2DMode":false,"pivot":{"x":1.1920928955078126e-7,"y":1.2913727760314942,"z":0.22639423608779908},"rotation":{"x":0.002114054746925831,"y":-0.9617342352867127,"z":-0.007915511727333069,"w":-0.27435681223869326},"size":1.712830662727356,"orthographic":false}