{"cameraMode":{"drawMode":0,"name":"Shaded","section":"Shading Mode"},"sceneLighting":true,"audioPlay":false,"sceneViewState":{"m_AlwaysRefresh":false,"showFog":true,"showSkybox":true,"showFlares":true,"showImageEffects":true,"showParticleSystems":true,"showVisualEffectGraphs":true,"m_FxEnabled":true},"in2DMode":false,"pivot":{"x":-5.017601013183594,"y":6.071040153503418,"z":2.9934120178222658},"rotation":{"x":0.004300571512430906,"y":-0.9578981995582581,"z":0.014369544573128224,"w":0.28668057918548586},"size":1.5170085430145264,"orthographic":false}