{"cameraMode":{"drawMode":0,"name":"Shaded","section":"Shading Mode"},"sceneLighting":true,"audioPlay":false,"sceneViewState":{"m_AlwaysRefresh":false,"showFog":true,"showSkybox":true,"showFlares":true,"showImageEffects":true,"showParticleSystems":true,"showVisualEffectGraphs":true,"m_FxEnabled":true},"in2DMode":false,"pivot":{"x":-3.2659826278686525,"y":1.3247711658477784,"z":-5.062706470489502},"rotation":{"x":-0.028245849534869195,"y":-0.9714130759239197,"z":0.14858520030975343,"w":-0.18366873264312745},"size":4.615842819213867,"orthographic":false}