{"cameraMode":{"drawMode":0,"name":"Shaded","section":"Shading Mode"},"sceneLighting":true,"audioPlay":false,"sceneViewState":{"m_AlwaysRefresh":false,"showFog":true,"showSkybox":true,"showFlares":true,"showImageEffects":true,"showParticleSystems":true,"showVisualEffectGraphs":true,"m_FxEnabled":true},"in2DMode":false,"pivot":{"x":195.40536499023438,"y":-55.64389419555664,"z":-1023.2404174804688},"rotation":{"x":-0.002781919203698635,"y":-0.9947986602783203,"z":0.028262987732887269,"w":-0.09953870624303818},"size":534.0610961914063,"orthographic":false}