{"cameraMode":{"drawMode":0,"name":"Shaded","section":"Shading Mode"},"sceneLighting":true,"audioPlay":false,"sceneViewState":{"m_AlwaysRefresh":false,"showFog":true,"showSkybox":true,"showFlares":true,"showImageEffects":true,"showParticleSystems":true,"showVisualEffectGraphs":true,"m_FxEnabled":true},"in2DMode":false,"pivot":{"x":-48.918304443359378,"y":0.48115187883377077,"z":-0.5113273859024048},"rotation":{"x":0.00015428081678692251,"y":-0.9267902374267578,"z":0.3759854733943939,"w":-0.00028581992955878377},"size":29.850479125976564,"orthographic":false}